kind,sample,real_seconds,max_rss_bytes,stdout_bytes,stdout_sha256
build,1,1.86,107757568,399,5f4295d71033dab2843fed9417a80bb514ddda321376d92aae8c6d4a0a26ad63
build,2,1.44,108134400,399,58444fd830a7dfab2d9babf5def157d282bf6398254c16b067f8fc9daebf8ce9
build,3,1.39,107839488,399,0218c547b6f1c40286584abf690b1bc2d21d43852323fa807eca97ecc513b30e
ask,1,0.08,62439424,4026,240f42833470f01ce2e63726c739890289aa1db594ff581a0cef3be5f47d7ad4
read,1,0.01,25067520,4515,f3683c8a4c1ce738ebcd53ce3d126c3cf157c6eaf83a076ef0c2bb627b93f3e8
ask,2,0.08,62210048,4026,240f42833470f01ce2e63726c739890289aa1db594ff581a0cef3be5f47d7ad4
read,2,0.01,25133056,4515,f3683c8a4c1ce738ebcd53ce3d126c3cf157c6eaf83a076ef0c2bb627b93f3e8
ask,3,0.08,61571072,4026,240f42833470f01ce2e63726c739890289aa1db594ff581a0cef3be5f47d7ad4
read,3,0.01,25165824,4515,f3683c8a4c1ce738ebcd53ce3d126c3cf157c6eaf83a076ef0c2bb627b93f3e8
ask,4,0.08,62242816,4026,240f42833470f01ce2e63726c739890289aa1db594ff581a0cef3be5f47d7ad4
read,4,0.01,25083904,4515,f3683c8a4c1ce738ebcd53ce3d126c3cf157c6eaf83a076ef0c2bb627b93f3e8
ask,5,0.08,62226432,4026,240f42833470f01ce2e63726c739890289aa1db594ff581a0cef3be5f47d7ad4
read,5,0.01,25100288,4515,f3683c8a4c1ce738ebcd53ce3d126c3cf157c6eaf83a076ef0c2bb627b93f3e8
